sku,avg_daily_demand,std_daily_demand,days_observed,mean_demand_lead_time,std_demand_lead_time,safety_stock_units,reorder_point_units,on_hand_units,on_order_units,inventory_position_units,reorder_now_flag,recommended_order_qty
HEADPHONES,45.36338797814208,9.390270306831527,366,317.54371584699453,24.84431997555041,41,358,320,148,468,False,0
LAPTOP_STAND,42.16120218579235,8.275312198065235,366,295.1284153005464,21.894418097499894,36,331,658,105,763,False,0
PHONE_CHARGER,32.36338797814208,6.658122940656486,366,226.54371584699456,17.615737499471127,29,256,508,107,615,False,0
USB_C_CABLE,55.169398907103826,10.55520351682208,366,386.1857923497268,27.9264435431856,46,432,330,165,495,False,0
WIRELESS_MOUSE,56.904371584699454,11.856869346497108,366,398.3306010928962,31.37032761861628,52,450,858,219,1077,False,0
